location,date,total_cases,total_deaths,total_cases_per_million,total_vaccinations,stringency_index
China,1/22/2020,548,17,0.381,,26.39
China,1/23/2020,643,18,0.447,,44.91
China,1/24/2020,920,26,0.639,,44.91
China,1/25/2020,1406,42,0.977,,47.69
China,1/26/2020,2075,56,1.442,,69.91
China,1/27/2020,2877,82,1.999,,69.91
China,1/28/2020,5509,131,3.827,,69.91
China,1/29/2020,6087,133,4.229,,69.91
China,1/30/2020,8141,171,5.656,,69.91
China,1/31/2020,9802,213,6.81,,69.91
China,2/1/2020,11891,259,8.262,,77.31
China,2/2/2020,16630,361,11.554,,77.31
China,2/3/2020,19716,425,13.698,,77.31
China,2/4/2020,23707,491,16.471,,77.31
China,2/5/2020,27440,563,19.065,,77.31
China,2/6/2020,30587,633,21.251,,77.31
China,2/7/2020,34110,718,23.699,,77.31
China,2/8/2020,36814,805,25.577,,77.31
China,2/9/2020,39829,905,27.672,,77.31
China,2/10/2020,42354,1012,29.426,,75.46
China,2/11/2020,44386,1112,30.838,,75.46
China,2/12/2020,44759,1117,31.097,,75.46
China,2/13/2020,59895,1369,41.613,,75.46
China,2/14/2020,66358,1521,46.104,,75.46
China,2/15/2020,68413,1663,47.531,,75.46
China,2/16/2020,70513,1766,48.99,,75.46
China,2/17/2020,72434,1864,50.325,,75.46
China,2/18/2020,74211,2003,51.56,,75.46
China,2/19/2020,74619,2116,51.843,,75.46
China,2/20/2020,75077,2238,52.161,,75.46
China,2/21/2020,75550,2238,52.49,,75.46
China,2/22/2020,77001,2443,53.498,,75.46
China,2/23/2020,77022,2445,53.513,,75.46
China,2/24/2020,77241,2595,53.665,,75.46
China,2/25/2020,77754,2665,54.021,,81.02
China,2/26/2020,78166,2717,54.307,,81.02
China,2/27/2020,78600,2746,54.609,,81.02
China,2/28/2020,78928,2790,54.837,,81.02
China,2/29/2020,79356,2837,55.134,,81.02
China,3/1/2020,79932,2872,55.534,,81.02
China,3/2/2020,80136,2914,55.676,,81.02
China,3/3/2020,80261,2947,55.763,,81.02
China,3/4/2020,80386,2983,55.85,,81.02
China,3/5/2020,80537,3015,55.955,,81.02
China,3/6/2020,80690,3044,56.061,,81.02
China,3/7/2020,80770,3072,56.117,,81.02
China,3/8/2020,80823,3100,56.153,,81.02
China,3/9/2020,80860,3123,56.179,,81.02
China,3/10/2020,80887,3139,56.198,,81.02
China,3/11/2020,80921,3161,56.222,,81.02
China,3/12/2020,80932,3172,56.229,,81.02
China,3/13/2020,80945,3180,56.238,,81.02
China,3/14/2020,80977,3193,56.26,,81.02
China,3/15/2020,81003,3203,56.279,,81.02
China,3/16/2020,81033,3217,56.299,,79.17
China,3/17/2020,81058,3230,56.317,,79.17
China,3/18/2020,81102,3241,56.347,,79.17
China,3/19/2020,81156,3249,56.385,,79.17
China,3/20/2020,81250,3253,56.45,,79.17
China,3/21/2020,81305,3259,56.488,,79.17
China,3/22/2020,81435,3274,56.579,,79.17
China,3/23/2020,81498,3274,56.622,,79.17
China,3/24/2020,81591,3281,56.687,,79.17
China,3/25/2020,81661,3285,56.736,,79.17
China,3/26/2020,81782,3291,56.82,,81.94
China,3/27/2020,81897,3296,56.9,,81.94
China,3/28/2020,81999,3299,56.971,,73.61
China,3/29/2020,82122,3304,57.056,,73.61
China,3/30/2020,82198,3308,57.109,,73.61
China,3/31/2020,82279,3309,57.165,,73.61
China,4/1/2020,82361,3316,57.222,,73.61
China,4/2/2020,82432,3322,57.271,,73.61
China,4/3/2020,82511,3326,57.326,,69.91
China,4/4/2020,82543,3330,57.348,,69.91
China,4/5/2020,82602,3333,57.389,,69.91
China,4/6/2020,82665,3335,57.433,,69.91
China,4/7/2020,82718,3335,57.47,,69.91
China,4/8/2020,82809,3337,57.533,,56.94
China,4/9/2020,82883,3339,57.585,,56.94
China,4/10/2020,82941,3340,57.625,,56.94
China,4/11/2020,83014,3343,57.676,,56.94
China,4/12/2020,83134,3343,57.759,,56.94
China,4/13/2020,83213,3345,57.814,,56.94
China,4/14/2020,83306,3345,57.879,,56.94
China,4/15/2020,83356,3346,57.913,,56.94
China,4/16/2020,83403,3346,57.946,,56.94
China,4/17/2020,83760,4636,58.194,,56.94
China,4/18/2020,83787,4636,58.213,,56.94
China,4/19/2020,83805,4636,58.225,,56.94
China,4/20/2020,83817,4636,58.234,,56.94
China,4/21/2020,83853,4636,58.259,,56.94
China,4/22/2020,83868,4636,58.269,,56.94
China,4/23/2020,83884,4636,58.28,,56.94
China,4/24/2020,83899,4636,58.291,,56.94
China,4/25/2020,83909,4636,58.298,,56.94
China,4/26/2020,83912,4637,58.3,,56.94
China,4/27/2020,83918,4637,58.304,,56.94
China,4/28/2020,83940,4637,58.319,,56.94
China,4/29/2020,83944,4637,58.322,,56.94
China,4/30/2020,83956,4637,58.33,,56.94
China,5/1/2020,83959,4637,58.332,,56.94
China,5/2/2020,83959,4637,58.332,,56.94
China,5/3/2020,83964,4637,58.336,,56.94
China,5/4/2020,83966,4637,58.337,,56.94
China,5/5/2020,83968,4637,58.339,,56.94
China,5/6/2020,83970,4637,58.34,,56.94
China,5/7/2020,83975,4637,58.343,,56.94
China,5/8/2020,83976,4637,58.344,,56.94
China,5/9/2020,83990,4637,58.354,,56.94
China,5/10/2020,84010,4637,58.368,,81.94
China,5/11/2020,84011,4637,58.368,,81.94
China,5/12/2020,84018,4637,58.373,,81.94
China,5/13/2020,84024,4637,58.377,,81.94
China,5/14/2020,84029,4637,58.381,,81.94
China,5/15/2020,84038,4637,58.387,,81.94
China,5/16/2020,84044,4638,58.391,,81.94
China,5/17/2020,84054,4638,58.398,,81.94
China,5/18/2020,84063,4638,58.405,,81.94
China,5/19/2020,84063,4638,58.405,,81.94
China,5/20/2020,84063,4638,58.405,,81.94
China,5/21/2020,84063,4638,58.405,,81.94
China,5/22/2020,84081,4638,58.417,,81.94
China,5/23/2020,84084,4638,58.419,,81.94
China,5/24/2020,84095,4638,58.427,,81.94
China,5/25/2020,84102,4638,58.432,,81.94
China,5/26/2020,84103,4638,58.432,,81.94
China,5/27/2020,84106,4638,58.434,,81.94
China,5/28/2020,84106,4638,58.434,,81.94
China,5/29/2020,84123,4638,58.446,,81.94
China,5/30/2020,84128,4638,58.45,,81.94
China,5/31/2020,84146,4638,58.462,,81.94
China,6/1/2020,84154,4638,58.468,,81.94
China,6/2/2020,84161,4638,58.473,,81.94
China,6/3/2020,84160,4638,58.472,,78.24
China,6/4/2020,84171,4638,58.48,,78.24
China,6/5/2020,84177,4638,58.484,,78.24
China,6/6/2020,84186,4638,58.49,,78.24
China,6/7/2020,84191,4638,58.493,,78.24
China,6/8/2020,84195,4638,58.496,,78.24
China,6/9/2020,84198,4638,58.498,,78.24
China,6/10/2020,84209,4638,58.506,,78.24
China,6/11/2020,84216,4638,58.511,,78.24
China,6/12/2020,84228,4638,58.519,,78.24
China,6/13/2020,84286,4638,58.559,,78.24
China,6/14/2020,84335,4638,58.593,,78.24
China,6/15/2020,84378,4638,58.623,,78.24
China,6/16/2020,84422,4638,58.654,,78.24
China,6/17/2020,84458,4638,58.679,,78.24
China,6/18/2020,84494,4638,58.704,,78.24
China,6/19/2020,84494,4638,58.704,,78.24
China,6/20/2020,84553,4639,58.745,,78.24
China,6/21/2020,84572,4639,58.758,,78.24
China,6/22/2020,84624,4639,58.794,,78.24
China,6/23/2020,84653,4640,58.814,,78.24
China,6/24/2020,84673,4640,58.828,,78.24
China,6/25/2020,84701,4641,58.848,,78.24
China,6/26/2020,84725,4641,58.864,,78.24
China,6/27/2020,84743,4641,58.877,,78.24
China,6/28/2020,84757,4641,58.887,,78.24
China,6/29/2020,84780,4641,58.903,,78.24
China,6/30/2020,84785,4641,58.906,,78.24
China,7/1/2020,84816,4641,58.928,,78.24
China,7/2/2020,84830,4641,58.937,,78.24
China,7/3/2020,84838,4641,58.943,,78.24
China,7/4/2020,84857,4641,58.956,,78.24
China,7/5/2020,84871,4641,58.966,,78.24
China,7/6/2020,84889,4641,58.978,,78.24
China,7/7/2020,84917,4641,58.998,,78.24
China,7/8/2020,84950,4641,59.021,,78.24
China,7/9/2020,84992,4641,59.05,,78.24
China,7/10/2020,84992,4641,59.05,,78.24
China,7/11/2020,85071,4641,59.105,,78.24
China,7/12/2020,85117,4641,59.137,,78.24
China,7/13/2020,85117,4641,59.137,,78.24
China,7/14/2020,85226,4642,59.213,,78.24
China,7/15/2020,85246,4644,59.226,,78.24
China,7/16/2020,85327,4644,59.283,,78.24
China,7/17/2020,85402,4645,59.335,,78.24
China,7/18/2020,85418,4646,59.346,,78.24
China,7/19/2020,85503,4646,59.405,,78.24
China,7/20/2020,85622,4646,59.488,,78.24
China,7/21/2020,85708,4648,59.547,,78.24
China,7/22/2020,85906,4648,59.685,,78.24
China,7/23/2020,86045,4649,59.782,,78.24
China,7/24/2020,86202,4650,59.891,,78.24
China,7/25/2020,86381,4652,60.015,,78.24
China,7/26/2020,86570,4652,60.146,,78.24
China,7/27/2020,86783,4656,60.294,,78.24
China,7/28/2020,86990,4657,60.438,,78.24
China,7/29/2020,87213,4658,60.593,,78.24
China,7/30/2020,87489,4659,60.785,,78.24
China,7/31/2020,87655,4661,60.9,,78.24
China,8/1/2020,87827,4667,61.02,,78.24
China,8/2/2020,87985,4669,61.129,,78.24
China,8/3/2020,88099,4672,61.209,,78.24
China,8/4/2020,88206,4676,61.283,,78.24
China,8/5/2020,88328,4677,61.368,,78.24
China,8/6/2020,88460,4680,61.459,,78.24
China,8/7/2020,88580,4681,61.543,,78.24
China,8/8/2020,88672,4681,61.607,,78.24
China,8/9/2020,88793,4686,61.691,,78.24
China,8/10/2020,88906,4689,61.769,,78.24
China,8/11/2020,88958,4693,61.805,,78.24
China,8/12/2020,89045,4697,61.866,,78.24
China,8/13/2020,89144,4700,61.935,,78.24
China,8/14/2020,89214,4701,61.983,,78.24
China,8/15/2020,89279,4703,62.028,,78.24
China,8/16/2020,89375,4703,62.095,,78.24
China,8/17/2020,89441,4703,62.141,,78.24
China,8/18/2020,89494,4705,62.178,,78.24
China,8/19/2020,89527,4706,62.201,,78.24
China,8/20/2020,89567,4709,62.229,,78.24
China,8/21/2020,89616,4709,62.263,,78.24
China,8/22/2020,89654,4711,62.289,,78.24
China,8/23/2020,89695,4711,62.317,,78.24
China,8/24/2020,89718,4711,62.333,,78.24
China,8/25/2020,89752,4712,62.357,,78.24
China,8/26/2020,89784,4713,62.379,,78.24
China,8/27/2020,89814,4715,62.4,,78.24
China,8/28/2020,89836,4718,62.415,,78.24
China,8/29/2020,89863,4721,62.434,,78.24
China,8/30/2020,89895,4722,62.456,,78.24
China,8/31/2020,89914,4723,62.47,,78.24
China,9/1/2020,89933,4724,62.483,,78.24
China,9/2/2020,89953,4727,62.497,,55.09
China,9/3/2020,89986,4728,62.52,,55.09
China,9/4/2020,90008,4728,62.535,,46.76
China,9/5/2020,90025,4728,62.547,,46.76
China,9/6/2020,90058,4730,62.57,,46.76
China,9/7/2020,90078,4732,62.584,,46.76
China,9/8/2020,90087,4733,62.59,,46.76
China,9/9/2020,90100,4733,62.599,,46.76
China,9/10/2020,90127,4733,62.618,,46.76
China,9/11/2020,90145,4733,62.63,,46.76
China,9/12/2020,90168,4734,62.646,,46.76
China,9/13/2020,90197,4734,62.666,,46.76
China,9/14/2020,90219,4735,62.682,,46.76
China,9/15/2020,90235,4736,62.693,,81.94
China,9/16/2020,90253,4736,62.705,,81.94
China,9/17/2020,90294,4736,62.734,,81.94
China,9/18/2020,90311,4737,62.745,,81.94
China,9/19/2020,90334,4737,62.761,,81.94
China,9/20/2020,90369,4737,62.786,,81.94
China,9/21/2020,90381,4737,62.794,,75.46
China,9/22/2020,90399,4737,62.807,,71.76
China,9/23/2020,90409,4738,62.814,,60.65
China,9/24/2020,90424,4738,62.824,,63.43
China,9/25/2020,90441,4739,62.836,,63.43
China,9/26/2020,90456,4739,62.846,,54.17
China,9/27/2020,90483,4739,62.865,,54.17
China,9/28/2020,90505,4739,62.88,,54.17
China,9/29/2020,90528,4739,62.896,,54.17
China,9/30/2020,90545,4739,62.908,,54.17
China,10/1/2020,90567,4739,62.923,,54.17
China,10/2/2020,90584,4739,62.935,,54.17
China,10/3/2020,90604,4739,62.949,,54.17
China,10/4/2020,90629,4739,62.966,,54.17
China,10/5/2020,90652,4739,62.982,,54.17
China,10/6/2020,90667,4739,62.993,,54.17
China,10/7/2020,90687,4739,63.007,,54.17
China,10/8/2020,90728,4739,63.035,,54.17
China,10/9/2020,90751,4739,63.051,,54.17
China,10/10/2020,90778,4739,63.07,,52.31
China,10/11/2020,90812,4739,63.094,,52.31
China,10/12/2020,90830,4739,63.106,,61.57
China,10/13/2020,90858,4739,63.125,,61.57
China,10/14/2020,90869,4739,63.133,,61.57
China,10/15/2020,90905,4739,63.158,,61.57
China,10/16/2020,90925,4739,63.172,,61.57
China,10/17/2020,90955,4739,63.193,,61.57
China,10/18/2020,90972,4739,63.205,,61.57
China,10/19/2020,91006,4739,63.228,,61.57
China,10/20/2020,91022,4739,63.239,,61.57
China,10/21/2020,91044,4739,63.255,,61.57
China,10/22/2020,91073,4739,63.275,,61.57
China,10/23/2020,91108,4739,63.299,,61.57
China,10/24/2020,91128,4739,63.313,,81.94
China,10/25/2020,91151,4739,63.329,,81.94
China,10/26/2020,91175,4739,63.346,,81.94
China,10/27/2020,91222,4739,63.378,,81.94
China,10/28/2020,91271,4739,63.412,,81.94
China,10/29/2020,91299,4739,63.432,,81.94
China,10/30/2020,91339,4739,63.46,,68.98
China,10/31/2020,91366,4739,63.478,,63.43
China,11/1/2020,91397,4739,63.5,,63.43
China,11/2/2020,91452,4739,63.538,,63.43
China,11/3/2020,91478,4739,63.556,,63.43
China,11/4/2020,91509,4740,63.578,,63.43
China,11/5/2020,91552,4741,63.608,,63.43
China,11/6/2020,91591,4741,63.635,,63.43
China,11/7/2020,91622,4741,63.656,,63.43
China,11/8/2020,91665,4741,63.686,,63.43
China,11/9/2020,91693,4741,63.706,,63.43
China,11/10/2020,91719,4742,63.724,,63.43
China,11/11/2020,91752,4742,63.747,,63.43
China,11/12/2020,91783,4742,63.768,,63.43
China,11/13/2020,91807,4742,63.785,,63.43
China,11/14/2020,91828,4742,63.799,,63.43
China,11/15/2020,91850,4742,63.815,,63.43
China,11/16/2020,91872,4742,63.83,,63.43
China,11/17/2020,91885,4742,63.839,,63.43
China,11/18/2020,91906,4742,63.854,,63.43
China,11/19/2020,91935,4742,63.874,,63.43
China,11/20/2020,91977,4742,63.903,,76.39
China,11/21/2020,92037,4742,63.945,,76.39
China,11/22/2020,92116,4742,63.999,,76.39
China,11/23/2020,92211,4742,64.066,,76.39
China,11/24/2020,92296,4742,64.125,,81.94
China,11/25/2020,92402,4742,64.198,,81.94
China,11/26/2020,92488,4742,64.258,,81.94
China,11/27/2020,92586,4742,64.326,,81.94
China,11/28/2020,92681,4743,64.392,,81.94
China,11/29/2020,92814,4743,64.484,,81.94
China,11/30/2020,92902,4743,64.546,,81.94
China,12/1/2020,92993,4743,64.609,,81.94
China,12/2/2020,93113,4744,64.692,,81.94
China,12/3/2020,93221,4745,64.767,,81.94
China,12/4/2020,93348,4746,64.855,,81.94
China,12/5/2020,93467,4746,64.938,,81.94
China,12/6/2020,93577,4746,65.015,,81.94
China,12/7/2020,93670,4746,65.079,,81.94
China,12/8/2020,93782,4746,65.157,,78.24
China,12/9/2020,93898,4748,65.238,,78.24
China,12/10/2020,94025,4748,65.326,,78.24
China,12/11/2020,94124,4748,65.395,,78.24
China,12/12/2020,94217,4749,65.459,,78.24
China,12/13/2020,94328,4751,65.536,,78.24
China,12/14/2020,94427,4754,65.605,,78.24
China,12/15/2020,94537,4757,65.682,1500000,78.24
China,12/16/2020,94626,4757,65.743,,78.24
China,12/17/2020,94734,4759,65.818,,78.24
China,12/18/2020,94821,4763,65.879,,78.24
China,12/19/2020,94953,4763,65.971,,78.24
China,12/20/2020,95050,4764,66.038,,78.24
China,12/21/2020,95150,4765,66.107,,78.24
China,12/22/2020,95228,4766,66.162,,78.24
China,12/23/2020,95298,4767,66.21,,78.24
China,12/24/2020,95383,4769,66.269,,78.24
China,12/25/2020,95460,4770,66.323,,78.24
China,12/26/2020,95541,4770,66.379,,78.24
China,12/27/2020,95632,4771,66.442,,78.24
China,12/28/2020,95720,4775,66.503,,78.24
China,12/29/2020,95797,4777,66.557,,78.24
China,12/30/2020,95876,4781,66.612,,78.24
China,12/31/2020,95963,4782,66.672,4500000,78.24
New Zealand,2/28/2020,1,,0.207,,19.44
New Zealand,2/29/2020,1,,0.207,,19.44
New Zealand,3/1/2020,1,,0.207,,19.44
New Zealand,3/2/2020,1,,0.207,,19.44
New Zealand,3/3/2020,1,,0.207,,19.44
New Zealand,3/4/2020,3,,0.622,,19.44
New Zealand,3/5/2020,3,,0.622,,19.44
New Zealand,3/6/2020,4,,0.829,,19.44
New Zealand,3/7/2020,5,,1.037,,19.44
New Zealand,3/8/2020,5,,1.037,,19.44
New Zealand,3/9/2020,5,,1.037,,19.44
New Zealand,3/10/2020,5,,1.037,,19.44
New Zealand,3/11/2020,5,,1.037,,19.44
New Zealand,3/12/2020,5,,1.037,,19.44
New Zealand,3/13/2020,5,,1.037,,19.44
New Zealand,3/14/2020,6,,1.244,,19.44
New Zealand,3/15/2020,8,,1.659,,19.44
New Zealand,3/16/2020,8,,1.659,,36.11
New Zealand,3/17/2020,12,,2.488,,36.11
New Zealand,3/18/2020,20,,4.147,,36.11
New Zealand,3/19/2020,28,,5.806,,36.11
New Zealand,3/20/2020,39,,8.088,,38.89
New Zealand,3/21/2020,52,,10.783,,58.33
New Zealand,3/22/2020,102,,21.152,,58.33
New Zealand,3/23/2020,102,,21.152,,79.63
New Zealand,3/24/2020,155,,32.143,,87.04
New Zealand,3/25/2020,205,,42.511,,90.74
New Zealand,3/26/2020,283,,58.687,,96.3
New Zealand,3/27/2020,368,,76.313,,96.3
New Zealand,3/28/2020,451,,93.525,,96.3
New Zealand,3/29/2020,514,1,106.59,,96.3
New Zealand,3/30/2020,589,1,122.143,,96.3
New Zealand,3/31/2020,647,1,134.17,,96.3
New Zealand,4/1/2020,708,1,146.82,,96.3
New Zealand,4/2/2020,797,1,165.276,,96.3
New Zealand,4/3/2020,868,1,180,,96.3
New Zealand,4/4/2020,950,1,197.004,,96.3
New Zealand,4/5/2020,1039,1,215.46,,96.3
New Zealand,4/6/2020,1106,1,229.354,,96.3
New Zealand,4/7/2020,1160,1,240.552,,96.3
New Zealand,4/8/2020,1210,1,250.921,,96.3
New Zealand,4/9/2020,1239,1,256.935,,96.3
New Zealand,4/10/2020,1283,2,266.059,,96.3
New Zealand,4/11/2020,1312,4,272.073,,96.3
New Zealand,4/12/2020,1330,4,275.806,,96.3
New Zealand,4/13/2020,1349,5,279.746,,96.3
New Zealand,4/14/2020,1366,9,283.271,,96.3
New Zealand,4/15/2020,1386,9,287.419,,96.3
New Zealand,4/16/2020,1401,9,290.529,,96.3
New Zealand,4/17/2020,1409,11,292.188,,96.3
New Zealand,4/18/2020,1422,11,294.884,,96.3
New Zealand,4/19/2020,1431,12,296.75,,96.3
New Zealand,4/20/2020,1440,12,298.617,,96.3
New Zealand,4/21/2020,1445,13,299.654,,96.3
New Zealand,4/22/2020,1451,14,300.898,,96.3
New Zealand,4/23/2020,1456,17,301.935,,96.3
New Zealand,4/24/2020,1461,18,302.972,,96.3
New Zealand,4/25/2020,1470,18,304.838,,96.3
New Zealand,4/26/2020,1469,19,304.631,,96.3
New Zealand,4/27/2020,1472,19,305.253,,96.3
New Zealand,4/28/2020,1474,19,305.668,,87.04
New Zealand,4/29/2020,1476,19,306.082,,83.33
New Zealand,4/30/2020,1479,19,306.704,,83.33
New Zealand,5/1/2020,1485,20,307.949,,83.33
New Zealand,5/2/2020,1487,20,308.363,,83.33
New Zealand,5/3/2020,1487,20,308.363,,83.33
New Zealand,5/4/2020,1486,20,308.156,,83.33
New Zealand,5/5/2020,1488,21,308.571,,83.33
New Zealand,5/6/2020,1489,21,308.778,,83.33
New Zealand,5/7/2020,1490,21,308.985,,83.33
New Zealand,5/8/2020,1492,21,309.4,,83.33
New Zealand,5/9/2020,1494,21,309.815,,83.33
New Zealand,5/10/2020,1497,21,310.437,,83.33
New Zealand,5/11/2020,1497,21,310.437,,83.33
New Zealand,5/12/2020,1497,21,310.437,,83.33
New Zealand,5/13/2020,1497,21,310.437,,83.33
New Zealand,5/14/2020,1498,21,310.644,,39.81
New Zealand,5/15/2020,1498,21,310.644,,39.81
New Zealand,5/16/2020,1499,21,310.852,,39.81
New Zealand,5/17/2020,1499,21,310.852,,39.81
New Zealand,5/18/2020,1499,21,310.852,,39.81
New Zealand,5/19/2020,1503,21,311.681,,39.81
New Zealand,5/20/2020,1503,21,311.681,,39.81
New Zealand,5/21/2020,1504,21,311.889,,39.81
New Zealand,5/22/2020,1504,21,311.889,,39.81
New Zealand,5/23/2020,1504,21,311.889,,39.81
New Zealand,5/24/2020,1504,21,311.889,,39.81
New Zealand,5/25/2020,1504,21,311.889,,39.81
New Zealand,5/26/2020,1504,21,311.889,,39.81
New Zealand,5/27/2020,1504,22,311.889,,39.81
New Zealand,5/28/2020,1504,22,311.889,,39.81
New Zealand,5/29/2020,1504,22,311.889,,37.04
New Zealand,5/30/2020,1504,22,311.889,,37.04
New Zealand,5/31/2020,1504,22,311.889,,37.04
New Zealand,6/1/2020,1504,22,311.889,,37.04
New Zealand,6/2/2020,1504,22,311.889,,37.04
New Zealand,6/3/2020,1504,22,311.889,,37.04
New Zealand,6/4/2020,1504,22,311.889,,37.04
New Zealand,6/5/2020,1504,22,311.889,,37.04
New Zealand,6/6/2020,1504,22,311.889,,37.04
New Zealand,6/7/2020,1504,22,311.889,,37.04
New Zealand,6/8/2020,1504,22,311.889,,25.93
New Zealand,6/9/2020,1504,22,311.889,,25.93
New Zealand,6/10/2020,1504,22,311.889,,25.93
New Zealand,6/11/2020,1504,22,311.889,,25.93
New Zealand,6/12/2020,1504,22,311.889,,25.93
New Zealand,6/13/2020,1504,22,311.889,,25.93
New Zealand,6/14/2020,1504,22,311.889,,25.93
New Zealand,6/15/2020,1506,22,312.303,,25.93
New Zealand,6/16/2020,1506,22,312.303,,25.93
New Zealand,6/17/2020,1507,22,312.511,,25.93
New Zealand,6/18/2020,1507,22,312.511,,25.93
New Zealand,6/19/2020,1509,22,312.926,,25.93
New Zealand,6/20/2020,1511,22,313.34,,25.93
New Zealand,6/21/2020,1513,22,313.755,,25.93
New Zealand,6/22/2020,1515,22,314.17,,25.93
New Zealand,6/23/2020,1516,22,314.377,,25.93
New Zealand,6/24/2020,1519,22,314.999,,25.93
New Zealand,6/25/2020,1520,22,315.207,,25.93
New Zealand,6/26/2020,1522,22,315.621,,25.93
New Zealand,6/27/2020,1526,22,316.451,,22.22
New Zealand,6/28/2020,1528,22,316.866,,22.22
New Zealand,6/29/2020,1528,22,316.866,,22.22
New Zealand,6/30/2020,1528,22,316.866,,22.22
New Zealand,7/1/2020,1530,22,317.28,,22.22
New Zealand,7/2/2020,1530,22,317.28,,22.22
New Zealand,7/3/2020,1530,22,317.28,,22.22
New Zealand,7/4/2020,1533,22,317.903,,22.22
New Zealand,7/5/2020,1534,22,318.11,,22.22
New Zealand,7/6/2020,1536,22,318.525,,22.22
New Zealand,7/7/2020,1537,22,318.732,,22.22
New Zealand,7/8/2020,1540,22,319.354,,22.22
New Zealand,7/9/2020,1542,22,319.769,,22.22
New Zealand,7/10/2020,1543,22,319.976,,22.22
New Zealand,7/11/2020,1544,22,320.184,,22.22
New Zealand,7/12/2020,1544,22,320.184,,22.22
New Zealand,7/13/2020,1545,22,320.391,,22.22
New Zealand,7/14/2020,1547,22,320.806,,22.22
New Zealand,7/15/2020,1548,22,321.013,,22.22
New Zealand,7/16/2020,1549,22,321.22,,22.22
New Zealand,7/17/2020,1550,22,321.428,,22.22
New Zealand,7/18/2020,1553,22,322.05,,22.22
New Zealand,7/19/2020,1554,22,322.257,,22.22
New Zealand,7/20/2020,1555,22,322.465,,22.22
New Zealand,7/21/2020,1555,22,322.465,,22.22
New Zealand,7/22/2020,1555,22,322.465,,22.22
New Zealand,7/23/2020,1556,22,322.672,,22.22
New Zealand,7/24/2020,1556,22,322.672,,22.22
New Zealand,7/25/2020,1556,22,322.672,,22.22
New Zealand,7/26/2020,1556,22,322.672,,22.22
New Zealand,7/27/2020,1557,22,322.879,,22.22
New Zealand,7/28/2020,1559,22,323.294,,22.22
New Zealand,7/29/2020,1560,22,323.502,,22.22
New Zealand,7/30/2020,1560,22,323.502,,22.22
New Zealand,7/31/2020,1562,22,323.916,,22.22
New Zealand,8/1/2020,1565,22,324.538,,22.22
New Zealand,8/2/2020,1567,22,324.953,,22.22
New Zealand,8/3/2020,1567,22,324.953,,22.22
New Zealand,8/4/2020,1569,22,325.368,,22.22
New Zealand,8/5/2020,1569,22,325.368,,22.22
New Zealand,8/6/2020,1569,22,325.368,,22.22
New Zealand,8/7/2020,1569,22,325.368,,22.22
New Zealand,8/8/2020,1569,22,325.368,,22.22
New Zealand,8/9/2020,1569,22,325.368,,22.22
New Zealand,8/10/2020,1570,22,325.575,,22.22
New Zealand,8/11/2020,1570,22,325.575,,22.22
New Zealand,8/12/2020,1589,22,329.515,,68.98
New Zealand,8/13/2020,1602,22,332.211,,68.98
New Zealand,8/14/2020,1609,22,333.663,,68.98
New Zealand,8/15/2020,1622,22,336.359,,68.98
New Zealand,8/16/2020,1631,22,338.225,,68.98
New Zealand,8/17/2020,1643,22,340.714,,68.98
New Zealand,8/18/2020,1649,22,341.958,,68.98
New Zealand,8/19/2020,1654,22,342.995,,68.98
New Zealand,8/20/2020,1665,22,345.276,,68.98
New Zealand,8/21/2020,1671,22,346.52,,68.98
New Zealand,8/22/2020,1674,22,347.142,,68.98
New Zealand,8/23/2020,1683,22,349.008,,68.98
New Zealand,8/24/2020,1690,22,350.46,,68.98
New Zealand,8/25/2020,1695,22,351.497,,68.98
New Zealand,8/26/2020,1702,22,352.949,,68.98
New Zealand,8/27/2020,1714,22,355.437,,68.98
New Zealand,8/28/2020,1727,22,358.133,,68.98
New Zealand,8/29/2020,1729,22,358.548,,68.98
New Zealand,8/30/2020,1738,22,360.414,,68.98
New Zealand,8/31/2020,1752,22,363.317,,40.28
New Zealand,9/1/2020,1757,22,364.354,,34.72
New Zealand,9/2/2020,1759,22,364.769,,34.72
New Zealand,9/3/2020,1764,22,365.806,,34.72
New Zealand,9/4/2020,1767,24,366.428,,34.72
New Zealand,9/5/2020,1772,24,367.465,,34.72
New Zealand,9/6/2020,1776,24,368.294,,34.72
New Zealand,9/7/2020,1782,24,369.538,,34.72
New Zealand,9/8/2020,1788,24,370.783,,34.72
New Zealand,9/9/2020,1792,24,371.612,,34.72
New Zealand,9/10/2020,1793,24,371.819,,34.72
New Zealand,9/11/2020,1795,24,372.234,,34.72
New Zealand,9/12/2020,1797,24,372.649,,34.72
New Zealand,9/13/2020,1798,24,372.856,,34.72
New Zealand,9/14/2020,1801,24,373.478,,34.72
New Zealand,9/15/2020,1802,25,373.686,,34.72
New Zealand,9/16/2020,1809,25,375.137,,34.72
New Zealand,9/17/2020,1809,25,375.137,,34.72
New Zealand,9/18/2020,1811,25,375.552,,34.72
New Zealand,9/19/2020,1815,25,376.382,,34.72
New Zealand,9/20/2020,1815,25,376.382,,34.72
New Zealand,9/21/2020,1815,25,376.382,,34.72
New Zealand,9/22/2020,1824,25,378.248,,34.72
New Zealand,9/23/2020,1827,25,378.87,,31.94
New Zealand,9/24/2020,1829,25,379.285,,31.94
New Zealand,9/25/2020,1831,25,379.7,,31.94
New Zealand,9/26/2020,1833,25,380.114,,31.94
New Zealand,9/27/2020,1833,25,380.114,,31.94
New Zealand,9/28/2020,1835,25,380.529,,31.94
New Zealand,9/29/2020,1836,25,380.736,,31.94
New Zealand,9/30/2020,1848,25,383.225,,31.94
New Zealand,10/1/2020,1848,25,383.225,,31.94
New Zealand,10/2/2020,1849,25,383.432,,31.94
New Zealand,10/3/2020,1854,25,384.469,,31.94
New Zealand,10/4/2020,1855,25,384.677,,31.94
New Zealand,10/5/2020,1858,25,385.299,,31.94
New Zealand,10/6/2020,1861,25,385.921,,31.94
New Zealand,10/7/2020,1864,25,386.543,,22.22
New Zealand,10/8/2020,1866,25,386.958,,22.22
New Zealand,10/9/2020,1870,25,387.787,,22.22
New Zealand,10/10/2020,1871,25,387.995,,22.22
New Zealand,10/11/2020,1871,25,387.995,,22.22
New Zealand,10/12/2020,1872,25,388.202,,22.22
New Zealand,10/13/2020,1874,25,388.617,,22.22
New Zealand,10/14/2020,1876,25,389.031,,22.22
New Zealand,10/15/2020,1880,25,389.861,,22.22
New Zealand,10/16/2020,1883,25,390.483,,22.22
New Zealand,10/17/2020,1886,25,391.105,,22.22
New Zealand,10/18/2020,1886,25,391.105,,22.22
New Zealand,10/19/2020,1887,25,391.312,,22.22
New Zealand,10/20/2020,1912,25,396.497,,22.22
New Zealand,10/21/2020,1914,25,396.912,,22.22
New Zealand,10/22/2020,1923,25,398.778,,22.22
New Zealand,10/23/2020,1934,25,401.059,,22.22
New Zealand,10/24/2020,1935,25,401.266,,22.22
New Zealand,10/25/2020,1940,25,402.303,,22.22
New Zealand,10/26/2020,1941,25,402.511,,22.22
New Zealand,10/27/2020,1943,25,402.925,,22.22
New Zealand,10/28/2020,1949,25,404.17,,22.22
New Zealand,10/29/2020,1950,25,404.377,,22.22
New Zealand,10/30/2020,1957,25,405.829,,22.22
New Zealand,10/31/2020,1959,25,406.243,,22.22
New Zealand,11/1/2020,1963,25,407.073,,22.22
New Zealand,11/2/2020,1968,25,408.11,,22.22
New Zealand,11/3/2020,1971,25,408.732,,22.22
New Zealand,11/4/2020,1973,25,409.147,,22.22
New Zealand,11/5/2020,1974,25,409.354,,22.22
New Zealand,11/6/2020,1976,25,409.769,,22.22
New Zealand,11/7/2020,1982,25,411.013,,22.22
New Zealand,11/8/2020,1986,25,411.842,,22.22
New Zealand,11/9/2020,1987,25,412.05,,22.22
New Zealand,11/10/2020,1988,25,412.257,,22.22
New Zealand,11/11/2020,1991,25,412.879,,22.22
New Zealand,11/12/2020,1995,25,413.709,,22.22
New Zealand,11/13/2020,1998,25,414.331,,22.22
New Zealand,11/14/2020,2001,25,414.953,,22.22
New Zealand,11/15/2020,2001,25,414.953,,22.22
New Zealand,11/16/2020,2005,25,415.782,,22.22
New Zealand,11/17/2020,2008,25,416.405,,22.22
New Zealand,11/18/2020,2010,25,416.819,,22.22
New Zealand,11/19/2020,2013,25,417.441,,22.22
New Zealand,11/20/2020,2019,25,418.686,,22.22
New Zealand,11/21/2020,2028,25,420.552,,22.22
New Zealand,11/22/2020,2030,25,420.967,,22.22
New Zealand,11/23/2020,2031,25,421.174,,22.22
New Zealand,11/24/2020,2039,25,422.833,,22.22
New Zealand,11/25/2020,2040,25,423.041,,22.22
New Zealand,11/26/2020,2047,25,424.492,,22.22
New Zealand,11/27/2020,2050,25,425.114,,22.22
New Zealand,11/28/2020,2050,25,425.114,,22.22
New Zealand,11/29/2020,2056,25,426.358,,22.22
New Zealand,11/30/2020,2059,25,426.981,,22.22
New Zealand,12/1/2020,2060,25,427.188,,22.22
New Zealand,12/2/2020,2069,25,429.054,,22.22
New Zealand,12/3/2020,2069,25,429.054,,22.22
New Zealand,12/4/2020,2078,25,430.921,,22.22
New Zealand,12/5/2020,2078,25,430.921,,22.22
New Zealand,12/6/2020,2079,25,431.128,,22.22
New Zealand,12/7/2020,2085,25,432.372,,22.22
New Zealand,12/8/2020,2088,25,432.994,,22.22
New Zealand,12/9/2020,2088,25,432.994,,22.22
New Zealand,12/10/2020,2092,25,433.824,,22.22
New Zealand,12/11/2020,2092,25,433.824,,22.22
New Zealand,12/12/2020,2096,25,434.653,,22.22
New Zealand,12/13/2020,2096,25,434.653,,22.22
New Zealand,12/14/2020,2096,25,434.653,,22.22
New Zealand,12/15/2020,2100,25,435.483,,22.22
New Zealand,12/16/2020,2100,25,435.483,,22.22
New Zealand,12/17/2020,2110,25,437.557,,22.22
New Zealand,12/18/2020,2110,25,437.557,,22.22
New Zealand,12/19/2020,2116,25,438.801,,22.22
New Zealand,12/20/2020,2121,25,439.838,,22.22
New Zealand,12/21/2020,2121,25,439.838,,22.22
New Zealand,12/22/2020,2128,25,441.289,,22.22
New Zealand,12/23/2020,2128,25,441.289,,22.22
New Zealand,12/24/2020,2128,25,441.289,,22.22
New Zealand,12/25/2020,2128,25,441.289,,22.22
New Zealand,12/26/2020,2144,25,444.607,,22.22
New Zealand,12/27/2020,2144,25,444.607,,22.22
New Zealand,12/28/2020,2151,25,446.059,,22.22
New Zealand,12/29/2020,2151,25,446.059,,22.22
New Zealand,12/30/2020,2162,25,448.34,,22.22
New Zealand,12/31/2020,2162,25,448.34,,22.22
United States,1/22/2020,1,,0.003,,0
United States,1/23/2020,1,,0.003,,0
United States,1/24/2020,2,,0.006,,0
United States,1/25/2020,2,,0.006,,0
United States,1/26/2020,5,,0.015,,0
United States,1/27/2020,5,,0.015,,0
United States,1/28/2020,5,,0.015,,0
United States,1/29/2020,6,,0.018,,0
United States,1/30/2020,6,,0.018,,0
United States,1/31/2020,8,,0.024,,0
United States,2/1/2020,8,,0.024,,0
United States,2/2/2020,8,,0.024,,5.56
United States,2/3/2020,11,,0.033,,5.56
United States,2/4/2020,11,,0.033,,5.56
United States,2/5/2020,11,,0.033,,5.56
United States,2/6/2020,12,,0.036,,5.56
United States,2/7/2020,12,,0.036,,5.56
United States,2/8/2020,12,,0.036,,5.56
United States,2/9/2020,12,,0.036,,5.56
United States,2/10/2020,12,,0.036,,5.56
United States,2/11/2020,13,,0.039,,5.56
United States,2/12/2020,13,,0.039,,5.56
United States,2/13/2020,14,,0.042,,5.56
United States,2/14/2020,14,,0.042,,5.56
United States,2/15/2020,14,,0.042,,5.56
United States,2/16/2020,14,,0.042,,5.56
United States,2/17/2020,14,,0.042,,5.56
United States,2/18/2020,14,,0.042,,5.56
United States,2/19/2020,14,,0.042,,5.56
United States,2/20/2020,14,,0.042,,5.56
United States,2/21/2020,16,,0.048,,5.56
United States,2/22/2020,16,,0.048,,5.56
United States,2/23/2020,16,,0.048,,5.56
United States,2/24/2020,16,,0.048,,5.56
United States,2/25/2020,16,,0.048,,5.56
United States,2/26/2020,16,,0.048,,5.56
United States,2/27/2020,17,,0.051,,5.56
United States,2/28/2020,17,,0.051,,5.56
United States,2/29/2020,25,1,0.076,,5.56
United States,3/1/2020,32,1,0.097,,8.33
United States,3/2/2020,55,6,0.166,,11.11
United States,3/3/2020,74,7,0.224,,11.11
United States,3/4/2020,107,11,0.323,,11.11
United States,3/5/2020,184,12,0.556,,20.37
United States,3/6/2020,237,14,0.716,,20.37
United States,3/7/2020,403,17,1.218,,20.37
United States,3/8/2020,519,21,1.568,,20.37
United States,3/9/2020,594,22,1.795,,20.37
United States,3/10/2020,782,28,2.363,,20.37
United States,3/11/2020,1147,33,3.465,,21.76
United States,3/12/2020,1586,43,4.792,,30.09
United States,3/13/2020,2219,51,6.704,,30.09
United States,3/14/2020,2978,58,8.997,,35.65
United States,3/15/2020,3212,70,9.704,,41.2
United States,3/16/2020,4679,97,14.136,,52.31
United States,3/17/2020,6512,134,19.674,,55.09
United States,3/18/2020,9169,194,27.701,,55.09
United States,3/19/2020,13663,266,41.278,,67.13
United States,3/20/2020,20030,372,60.513,,67.13
United States,3/21/2020,26025,475,78.625,,72.69
United States,3/22/2020,34898,596,105.431,,72.69
United States,3/23/2020,46136,788,139.383,,72.69
United States,3/24/2020,56755,1031,171.464,,72.69
United States,3/25/2020,68837,1364,207.965,,72.69
United States,3/26/2020,86693,1783,261.91,,72.69
United States,3/27/2020,105383,2305,318.375,,72.69
United States,3/28/2020,125013,2947,377.68,,72.69
United States,3/29/2020,143912,3571,434.776,,72.69
United States,3/30/2020,165987,4284,501.467,,72.69
United States,3/31/2020,192301,5369,580.965,,72.69
United States,4/1/2020,224560,6652,678.424,,72.69
United States,4/2/2020,256792,8164,775.8,,72.69
United States,4/3/2020,289087,9595,873.368,,72.69
United States,4/4/2020,321477,11158,971.222,,72.69
United States,4/5/2020,351354,12773,1061.484,,72.69
United States,4/6/2020,382747,14544,1156.326,,72.69
United States,4/7/2020,413516,17119,1249.283,,72.69
United States,4/8/2020,444731,19279,1343.587,,72.69
United States,4/9/2020,480667,21482,1452.155,,72.69
United States,4/10/2020,515081,23676,1556.124,,72.69
United States,4/11/2020,544183,25803,1644.044,,72.69
United States,4/12/2020,571440,27677,1726.391,,72.69
United States,4/13/2020,598380,29686,1807.78,,72.69
United States,4/14/2020,627205,32120,1894.864,,72.69
United States,4/15/2020,652611,34732,1971.619,,72.69
United States,4/16/2020,682626,36875,2062.298,,72.69
United States,4/17/2020,715656,38985,2162.085,,72.69
United States,4/18/2020,743588,40958,2246.471,,72.69
United States,4/19/2020,769684,42929,2325.311,,72.69
United States,4/20/2020,799512,45158,2415.425,,72.69
United States,4/21/2020,825429,47672,2493.723,,72.69
United States,4/22/2020,854288,50132,2580.91,,72.69
United States,4/23/2020,887858,52588,2682.329,,72.69
United States,4/24/2020,920185,54776,2779.993,,72.69
United States,4/25/2020,950581,56487,2871.823,,72.69
United States,4/26/2020,977082,57886,2951.886,,72.69
United States,4/27/2020,1000785,59394,3023.495,,72.69
United States,4/28/2020,1025362,61618,3097.746,,72.69
United States,4/29/2020,1051800,64036,3177.618,,72.69
United States,4/30/2020,1081020,66231,3265.895,,72.69
United States,5/1/2020,1115946,68140,3371.411,,72.69
United States,5/2/2020,1143296,69871,3454.039,,72.69
United States,5/3/2020,1167593,71061,3527.443,,72.69
United States,5/4/2020,1191678,72440,3600.207,,72.69
United States,5/5/2020,1216209,74682,3674.318,,72.69
United States,5/6/2020,1240769,76996,3748.517,,72.69
United States,5/7/2020,1268180,78925,3831.329,,72.69
United States,5/8/2020,1295019,80688,3912.413,,72.69
United States,5/9/2020,1320155,82156,3988.352,,72.69
United States,5/10/2020,1339022,83134,4045.351,,72.69
United States,5/11/2020,1358293,84176,4103.571,,72.69
United States,5/12/2020,1381241,85775,4172.9,,72.69
United States,5/13/2020,1401649,87502,4234.555,,72.69
United States,5/14/2020,1428467,89298,4315.576,,72.69
United States,5/15/2020,1453214,90966,4390.34,,72.69
United States,5/16/2020,1477373,92164,4463.327,,72.69
United States,5/17/2020,1495736,92985,4518.804,,72.69
United States,5/18/2020,1518126,94212,4586.447,,72.69
United States,5/19/2020,1539133,95668,4649.911,,72.69
United States,5/20/2020,1561830,97169,4718.482,,72.69
United States,5/21/2020,1587596,98354,4796.324,,72.69
United States,5/22/2020,1611253,99571,4867.795,,72.69
United States,5/23/2020,1632364,100660,4931.574,,72.69
United States,5/24/2020,1652431,101299,4992.199,,72.69
United States,5/25/2020,1671104,101891,5048.612,,72.69
United States,5/26/2020,1690754,102568,5107.977,,72.69
United States,5/27/2020,1709303,104030,5164.016,,72.69
United States,5/28/2020,1731625,105131,5231.454,,72.69
United States,5/29/2020,1756098,106264,5305.39,,72.69
United States,5/30/2020,1779731,107218,5376.788,,72.69
United States,5/31/2020,1798718,107833,5434.15,,72.69
United States,6/1/2020,1816154,108609,5486.826,,72.69
United States,6/2/2020,1837656,109590,5551.786,,72.69
United States,6/3/2020,1857511,110600,5611.771,,72.69
United States,6/4/2020,1879150,111613,5677.145,,72.69
United States,6/5/2020,1904550,112504,5753.881,,72.69
United States,6/6/2020,1925710,113146,5817.808,,72.69
United States,6/7/2020,1943626,113605,5871.935,,72.69
United States,6/8/2020,1961263,114112,5925.218,,72.69
United States,6/9/2020,1979647,115025,5980.759,,72.69
United States,6/10/2020,2000757,115901,6044.535,,72.69
United States,6/11/2020,2023890,116731,6114.422,,72.69
United States,6/12/2020,2048756,117560,6189.546,,72.69
United States,6/13/2020,2073964,118295,6265.702,,72.69
United States,6/14/2020,2092912,118640,6322.946,,72.69
United States,6/15/2020,2112731,119036,6382.822,,68.98
United States,6/16/2020,2136401,119850,6454.332,,68.98
United States,6/17/2020,2163465,120589,6536.096,,68.98
United States,6/18/2020,2191991,121278,6622.276,,68.98
United States,6/19/2020,2223553,121907,6717.629,,68.98
United States,6/20/2020,2255823,122466,6815.121,,68.98
United States,6/21/2020,2280971,122783,6891.096,,68.98
United States,6/22/2020,2313123,123190,6988.231,,68.98
United States,6/23/2020,2350198,123938,7100.239,,68.98
United States,6/24/2020,2386074,124675,7208.625,,68.98
United States,6/25/2020,2426391,125212,7330.428,,68.98
United States,6/26/2020,2472385,125841,7469.381,,68.98
United States,6/27/2020,2513731,126344,7594.293,,68.98
United States,6/28/2020,2554461,126662,7717.343,,68.98
United States,6/29/2020,2595744,127047,7842.064,,68.98
United States,6/30/2020,2642174,127600,7982.335,,68.98
United States,7/1/2020,2693993,128304,8138.887,,68.98
United States,7/2/2020,2750622,129017,8309.97,,68.98
United States,7/3/2020,2801983,129687,8465.138,,68.98
United States,7/4/2020,2847664,130002,8603.146,,68.98
United States,7/5/2020,2898432,130328,8756.522,,68.98
United States,7/6/2020,2941517,130704,8886.687,,68.98
United States,7/7/2020,3002171,131866,9069.93,,68.98
United States,7/8/2020,3062290,132691,9251.557,,68.98
United States,7/9/2020,3124786,133711,9440.366,,68.98
United States,7/10/2020,3192841,134528,9645.968,,68.98
United States,7/11/2020,3252874,135256,9827.335,,68.98
United States,7/12/2020,3311312,135728,10003.884,,68.98
United States,7/13/2020,3370208,136173,10181.816,,68.98
United States,7/14/2020,3438244,137101,10387.361,,68.98
United States,7/15/2020,3506364,138076,10593.16,,68.98
United States,7/16/2020,3582184,139032,10822.222,,68.98
United States,7/17/2020,3654445,139956,11040.531,,68.98
United States,7/18/2020,3716980,140813,11229.457,,68.98
United States,7/19/2020,3777456,141293,11412.163,,68.98
United States,7/20/2020,3839546,141856,11599.744,,67.13
United States,7/21/2020,3904066,142947,11794.667,,67.13
United States,7/22/2020,3974630,144171,12007.85,,67.13
United States,7/23/2020,4043070,145241,12214.615,,67.13
United States,7/24/2020,4116393,146348,12436.133,,67.13
United States,7/25/2020,4181308,147278,12632.249,,67.13
United States,7/26/2020,4236083,147809,12797.731,,67.13
United States,7/27/2020,4292934,148935,12969.485,,67.13
United States,7/28/2020,4359391,150265,13170.26,,67.13
United States,7/29/2020,4431244,151679,13387.337,,67.13
United States,7/30/2020,4498701,152910,13591.133,,67.13
United States,7/31/2020,4567420,154147,13798.742,,67.13
United States,8/1/2020,4623604,155240,13968.48,,67.13
United States,8/2/2020,4669149,155677,14106.078,,67.13
United States,8/3/2020,4714678,156258,14243.626,,67.13
United States,8/4/2020,4773479,157540,14421.271,,67.13
United States,8/5/2020,4827936,158978,14585.793,,67.13
United States,8/6/2020,4887293,160222,14765.118,,67.13
United States,8/7/2020,4946590,161459,14944.261,,67.13
United States,8/8/2020,5000709,162537,15107.761,,67.13
United States,8/9/2020,5046463,163060,15245.99,,67.13
United States,8/10/2020,5094087,163696,15389.868,,67.13
United States,8/11/2020,5142088,164716,15534.885,,67.13
United States,8/12/2020,5198137,166215,15704.216,,67.13
United States,8/13/2020,5249451,167282,15859.242,,67.13
United States,8/14/2020,5314791,168618,16056.642,,67.13
United States,8/15/2020,5361712,169618,16198.396,,67.13
United States,8/16/2020,5400904,170235,16316.8,,67.13
United States,8/17/2020,5437580,170727,16427.603,,67.13
United States,8/18/2020,5482614,171953,16563.656,,67.13
United States,8/19/2020,5529973,173292,16706.733,,67.13
United States,8/20/2020,5574013,174395,16839.784,,67.13
United States,8/21/2020,5622842,175486,16987.302,,67.13
United States,8/22/2020,5665887,176395,17117.346,,67.13
United States,8/23/2020,5700119,176940,17220.766,,67.13
United States,8/24/2020,5736641,177413,17331.103,,67.13
United States,8/25/2020,5777001,178649,17453.036,,67.13
United States,8/26/2020,5822167,179815,17589.488,,67.13
United States,8/27/2020,5867547,180929,17726.586,,67.13
United States,8/28/2020,5914395,181906,17868.12,,67.13
United States,8/29/2020,5957126,182807,17997.216,,67.13
United States,8/30/2020,5991507,183260,18101.085,,67.13
United States,8/31/2020,6026895,183802,18207.996,,67.13
United States,9/1/2020,6068759,184832,18334.473,,67.13
United States,9/2/2020,6109773,185911,18458.381,,67.13
United States,9/3/2020,6153983,186948,18591.945,,67.13
United States,9/4/2020,6204376,187906,18744.188,,67.13
United States,9/5/2020,6247464,188668,18874.363,,67.13
United States,9/6/2020,6278633,189137,18968.528,,67.13
United States,9/7/2020,6302200,189432,19039.727,,67.13
United States,9/8/2020,6329593,189885,19122.485,,67.13
United States,9/9/2020,6363650,191045,19225.375,,67.13
United States,9/10/2020,6399723,191961,19334.356,,67.13
United States,9/11/2020,6447501,193135,19478.699,,67.13
United States,9/12/2020,6488563,193837,19602.753,,62.5
United States,9/13/2020,6522914,194272,19706.531,,62.5
United States,9/14/2020,6557342,194703,19810.542,,62.5
United States,9/15/2020,6596849,195903,19929.898,,62.5
United States,9/16/2020,6635867,196859,20047.776,,62.5
United States,9/17/2020,6681004,197720,20184.141,,62.5
United States,9/18/2020,6730288,198616,20333.034,,62.5
United States,9/19/2020,6772447,199348,20460.401,,62.5
United States,9/20/2020,6810862,199613,20576.458,,62.5
United States,9/21/2020,6862834,200040,20733.472,,62.5
United States,9/22/2020,6902696,201072,20853.9,,62.5
United States,9/23/2020,6941758,202128,20971.911,,62.5
United States,9/24/2020,6988869,203025,21114.239,,62.5
United States,9/25/2020,7037151,203969,21260.105,,62.5
United States,9/26/2020,7081803,204737,21395.004,,62.5
United States,9/27/2020,7119311,205052,21508.32,,62.5
United States,9/28/2020,7152546,205410,21608.727,,62.5
United States,9/29/2020,7195994,206243,21739.989,,62.5
United States,9/30/2020,7235428,207201,21859.124,,62.5
United States,10/1/2020,7281081,208074,21997.048,,62.5
United States,10/2/2020,7336043,208934,22163.095,,62.5
United States,10/3/2020,7384578,209617,22309.725,,62.5
United States,10/4/2020,7420293,209998,22417.624,,62.5
United States,10/5/2020,7459742,210479,22536.805,,62.5
United States,10/6/2020,7504998,211165,22673.529,,62.5
United States,10/7/2020,7556060,212092,22827.793,,62.5
United States,10/8/2020,7614653,213081,23004.81,,62.5
United States,10/9/2020,7671034,214049,23175.144,,62.5
United States,10/10/2020,7725952,214707,23341.058,,62.5
United States,10/11/2020,7771893,215178,23479.852,,62.5
United States,10/12/2020,7813735,215572,23606.261,,62.5
United States,10/13/2020,7865983,216368,23764.109,,66.2
United States,10/14/2020,7925748,217358,23944.667,,66.2
United States,10/15/2020,7990636,218207,24140.701,,66.2
United States,10/16/2020,8059782,219144,24349.6,,66.2
United States,10/17/2020,8116518,219906,24521.006,,66.2
United States,10/18/2020,8165858,220399,24670.069,,66.2
United States,10/19/2020,8233610,220878,24874.756,,66.2
United States,10/20/2020,8295581,221801,25061.978,,66.2
United States,10/21/2020,8358864,222922,25253.164,,66.2
United States,10/22/2020,8435164,223837,25483.675,,66.2
United States,10/23/2020,8517113,224804,25731.253,,66.2
United States,10/24/2020,8599842,225755,25981.188,,66.2
United States,10/25/2020,8661982,226217,26168.921,,66.2
United States,10/26/2020,8729385,226750,26372.553,,62.5
United States,10/27/2020,8806228,227723,26604.706,,62.5
United States,10/28/2020,8885632,228758,26844.595,,62.5
United States,10/29/2020,8976684,229762,27119.674,,62.5
United States,10/30/2020,9075924,230823,27419.491,,62.5
United States,10/31/2020,9165619,231733,27690.47,,62.5
United States,11/1/2020,9270467,232229,28007.229,,62.5
United States,11/2/2020,9355775,232801,28264.955,,62.5
United States,11/3/2020,9482891,234379,28648.988,,62.5
United States,11/4/2020,9587499,235494,28965.022,,62.5
United States,11/5/2020,9716853,236649,29355.817,,62.5
United States,11/6/2020,9844858,237888,29742.536,,62.5
United States,11/7/2020,9972308,238969,30127.578,,62.5
United States,11/8/2020,10087380,239540,30475.225,,62.5
United States,11/9/2020,10207953,240319,30839.491,,65.28
United States,11/10/2020,10348449,241737,31263.946,,65.28
United States,11/11/2020,10495075,243173,31706.922,,65.28
United States,11/12/2020,10659914,244377,32204.921,,65.28
United States,11/13/2020,10840303,245577,32749.898,,65.28
United States,11/14/2020,11008064,246924,33256.725,,65.28
United States,11/15/2020,11144288,247700,33668.275,,65.28
United States,11/16/2020,11307233,248529,34160.552,,75.46
United States,11/17/2020,11471155,250250,34655.78,,75.46
United States,11/18/2020,11644332,252168,35178.969,,75.46
United States,11/19/2020,11835880,254220,35757.66,,75.46
United States,11/20/2020,12034177,256177,36356.739,,75.46
United States,11/21/2020,12213451,257796,36898.348,,75.46
United States,11/22/2020,12360235,258828,37341.801,,75.46
United States,11/23/2020,12534684,259928,37868.833,,75.46
United States,11/24/2020,12710198,262057,38399.083,,75.46
United States,11/25/2020,12893485,264320,38952.815,,75.46
United States,11/26/2020,13005807,265705,39292.154,,75.46
United States,11/27/2020,13213995,267254,39921.116,,75.46
United States,11/28/2020,13369528,268614,40391,,75.46
United States,11/29/2020,13509762,269650,40814.665,,75.46
United States,11/30/2020,13670332,270996,41299.766,,75.46
United States,12/1/2020,13858551,273540,41868.399,,75.46
United States,12/2/2020,14061108,276352,42480.349,,71.76
United States,12/3/2020,14284721,279305,43155.912,,71.76
United States,12/4/2020,14517506,282004,43859.184,,71.76
United States,12/5/2020,14733048,284357,44510.363,,71.76
United States,12/6/2020,14914060,285703,45057.223,,71.76
United States,12/7/2020,15108918,287307,45645.913,,71.76
United States,12/8/2020,15333410,289926,46324.131,,71.76
United States,12/9/2020,15555949,293108,46996.449,,71.76
United States,12/10/2020,15787464,296103,47695.884,,71.76
United States,12/11/2020,16027441,299520,48420.885,,71.76
United States,12/12/2020,16245026,301979,49078.236,,71.76
United States,12/13/2020,16432729,303605,49645.31,,71.76
United States,12/14/2020,16627550,305255,50233.888,,71.76
United States,12/15/2020,16836556,308372,50865.321,,71.76
United States,12/16/2020,17083256,312036,51610.633,,71.76
United States,12/17/2020,17322981,315535,52334.872,,71.76
United States,12/18/2020,17574950,318500,53096.101,,71.76
United States,12/19/2020,17766856,321153,53675.873,,71.76
United States,12/20/2020,17954675,322867,54243.297,556208,71.76
United States,12/21/2020,18153724,324783,54844.649,614117,71.76
United States,12/22/2020,18351735,328182,55442.865,,71.76
United States,12/23/2020,18581353,331606,56136.569,1008025,71.76
United States,12/24/2020,18775557,334512,56723.284,,71.76
United States,12/25/2020,18873203,335937,57018.284,,71.76
United States,12/26/2020,19099491,337821,57701.928,1944585,71.76
United States,12/27/2020,19255126,339248,58172.121,,71.76
United States,12/28/2020,19429760,341251,58699.712,2127143,71.76
United States,12/29/2020,19630012,344882,59304.698,,71.76
United States,12/30/2020,19863696,348613,60010.686,2794588,71.76
United States,12/31/2020,20099363,352093,60722.665,,71.76
